split,method,dimension,group,n,mae_words,mse_words_squared,mean_relative_error,signed_bias_words,exact_match_rate
validation,Legacy fixed counter,gender,female,200,4.895,58.245,0.5845602999941235,4.455,0.12
validation,Legacy fixed counter,gender,male,200,4.265,67.095,0.5892110046386363,2.515,0.11
validation,Legacy fixed counter,age,fifties,21,2.2857142857142856,11.428571428571429,0.2624469445898017,1.4285714285714286,0.19047619047619047
validation,Legacy fixed counter,age,fourties,47,6.148936170212766,114.23404255319149,0.7581574453914879,5.212765957446808,0.0851063829787234
validation,Legacy fixed counter,age,nineties,1,5.0,25.0,0.7142857142857143,-5.0,0.0
validation,Legacy fixed counter,age,seventies,9,3.888888888888889,22.333333333333332,0.3968253968253968,3.6666666666666665,0.1111111111111111
validation,Legacy fixed counter,age,sixties,1,4.0,16.0,0.5,4.0,0.0
validation,Legacy fixed counter,age,thirties,131,5.152671755725191,102.80152671755725,0.6742931157053295,3.8396946564885495,0.09923664122137404
validation,Legacy fixed counter,age,twenties,190,4.08421052631579,30.263157894736842,0.5289019090192303,3.0736842105263156,0.12631578947368421
validation,Legacy fixed counter,accent,Unknown,144,3.5416666666666665,21.86111111111111,0.42838484817651484,2.5833333333333335,0.14583333333333334
validation,Legacy fixed counter,accent,african,2,3.5,18.5,0.5535714285714286,2.5,0.0
validation,Legacy fixed counter,accent,australia,5,4.2,20.6,0.5072727272727272,2.2,0.0
validation,Legacy fixed counter,accent,canada,22,3.8181818181818183,23.09090909090909,0.5166292041292041,3.272727272727273,0.13636363636363635
validation,Legacy fixed counter,accent,england,19,4.526315789473684,38.0,0.5692922574501522,3.0526315789473686,0.0
validation,Legacy fixed counter,accent,hongkong,4,11.0,125.5,1.0183566433566433,11.0,0.0
validation,Legacy fixed counter,accent,indian,33,5.0,46.45454545454545,0.7203922340285978,0.8181818181818182,0.06060606060606061
validation,Legacy fixed counter,accent,ireland,1,3.0,9.0,0.3,-3.0,0.0
validation,Legacy fixed counter,accent,newzealand,2,2.5,8.5,0.2094017094017094,1.5,0.0
validation,Legacy fixed counter,accent,other,15,3.466666666666667,26.266666666666666,0.4461399711399711,3.466666666666667,0.3333333333333333
validation,Legacy fixed counter,accent,philippines,8,6.75,65.0,0.7545215201465201,6.75,0.0
validation,Legacy fixed counter,accent,us,131,5.32824427480916,127.17557251908397,0.735938435345237,4.549618320610687,0.11450381679389313
validation,Legacy fixed counter,accent,wales,14,7.357142857142857,65.35714285714286,0.6813971742543171,7.357142857142857,0.0
validation,Train-selected fixed counter,gender,female,200,3.455,22.485,0.44010097745391863,1.805,0.125
validation,Train-selected fixed counter,gender,male,200,3.9,36.82,0.5191183133387081,0.45,0.115
validation,Train-selected fixed counter,age,fifties,21,1.8571428571428572,5.190476190476191,0.24408977266120122,0.3333333333333333,0.14285714285714285
validation,Train-selected fixed counter,age,fourties,47,3.8085106382978724,24.19148936170213,0.4253652966418924,1.0851063829787233,0.0425531914893617
validation,Train-selected fixed counter,age,nineties,1,6.0,36.0,0.8571428571428571,-6.0,0.0
validation,Train-selected fixed counter,age,seventies,9,0.8888888888888888,1.5555555555555556,0.1078042328042328,-0.4444444444444444,0.4444444444444444
validation,Train-selected fixed counter,age,sixties,1,7.0,49.0,0.875,7.0,0.0
validation,Train-selected fixed counter,age,thirties,131,3.6030534351145036,34.99236641221374,0.45115182739228543,0.549618320610687,0.1297709923664122
validation,Train-selected fixed counter,age,twenties,190,4.0,31.221052631578946,0.5522238613142149,1.7052631578947368,0.11578947368421053
validation,Train-selected fixed counter,accent,Unknown,144,3.4166666666666665,19.38888888888889,0.4246125595083929,0.8888888888888888,0.10416666666666667
validation,Train-selected fixed counter,accent,african,2,2.0,5.0,0.3392857142857143,1.0,0.0
validation,Train-selected fixed counter,accent,australia,5,3.4,14.6,0.4577272727272727,1.0,0.0
validation,Train-selected fixed counter,accent,canada,22,4.454545454545454,47.63636363636363,0.7846875346875343,2.5454545454545454,0.18181818181818182
validation,Train-selected fixed counter,accent,england,19,4.947368421052632,108.94736842105263,0.607934901355954,2.6315789473684212,0.05263157894736842
validation,Train-selected fixed counter,accent,hongkong,4,5.75,42.75,0.5024475524475525,5.75,0.0
validation,Train-selected fixed counter,accent,indian,33,5.151515151515151,48.42424242424242,0.7514063798154708,-0.24242424242424243,0.15151515151515152
validation,Train-selected fixed counter,accent,ireland,1,2.0,4.0,0.2,-2.0,0.0
validation,Train-selected fixed counter,accent,newzealand,2,3.0,10.0,0.29914529914529914,-1.0,0.0
validation,Train-selected fixed counter,accent,other,15,3.533333333333333,27.4,0.4450553150553151,1.5333333333333334,0.0
validation,Train-selected fixed counter,accent,philippines,8,4.25,30.0,0.4529075091575092,3.5,0.25
validation,Train-selected fixed counter,accent,us,131,3.16793893129771,23.0,0.42239313328753925,0.6793893129770993,0.15267175572519084
validation,Train-selected fixed counter,accent,wales,14,4.5,29.357142857142858,0.4058193790336647,4.214285714285714,0.07142857142857142
validation,Acoustic analyzer selector,gender,female,200,4.095,35.525,0.5140420266008501,3.455,0.115
validation,Acoustic analyzer selector,gender,male,200,4.465,70.965,0.6226797303573619,2.265,0.11
validation,Acoustic analyzer selector,age,fifties,21,2.142857142857143,8.238095238095237,0.24560148845863128,1.1904761904761905,0.14285714285714285
validation,Acoustic analyzer selector,age,fourties,47,5.425531914893617,75.29787234042553,0.6720096688181794,3.723404255319149,0.10638297872340426
validation,Acoustic analyzer selector,age,nineties,1,5.0,25.0,0.7142857142857143,-5.0,0.0
validation,Acoustic analyzer selector,age,seventies,9,2.2222222222222223,7.333333333333333,0.25595238095238093,2.2222222222222223,0.2222222222222222
validation,Acoustic analyzer selector,age,sixties,1,5.0,25.0,0.625,5.0,0.0
validation,Acoustic analyzer selector,age,thirties,131,4.793893129770993,92.53435114503817,0.6487660770103518,3.2061068702290076,0.13740458015267176
validation,Acoustic analyzer selector,age,twenties,190,3.968421052631579,28.147368421052633,0.5366897498333868,2.6526315789473682,0.08947368421052632
validation,Acoustic analyzer selector,accent,Unknown,144,3.6458333333333335,21.84027777777778,0.4602137734950235,2.1875,0.09027777777777778
validation,Acoustic analyzer selector,accent,african,2,3.0,18.0,0.42857142857142855,3.0,0.5
validation,Acoustic analyzer selector,accent,australia,5,3.8,19.8,0.42727272727272725,1.8,0.2
validation,Acoustic analyzer selector,accent,canada,22,3.1818181818181817,18.363636363636363,0.5161088911088911,2.6363636363636362,0.18181818181818182
validation,Acoustic analyzer selector,accent,england,19,5.0,104.36842105263158,0.6184758224231909,3.4210526315789473,0.10526315789473684
validation,Acoustic analyzer selector,accent,hongkong,4,5.75,42.75,0.5024475524475525,5.75,0.0
validation,Acoustic analyzer selector,accent,indian,33,5.212121212121212,55.63636363636363,0.7546793694520968,0.6060606060606061,0.09090909090909091
validation,Acoustic analyzer selector,accent,ireland,1,3.0,9.0,0.3,-3.0,0.0
validation,Acoustic analyzer selector,accent,newzealand,2,2.5,6.5,0.2264957264957265,0.5,0.0
validation,Acoustic analyzer selector,accent,other,15,4.066666666666666,34.733333333333334,0.5205675805675806,3.8,0.13333333333333333
validation,Acoustic analyzer selector,accent,philippines,8,5.25,36.75,0.5788003663003664,4.5,0.0
validation,Acoustic analyzer selector,accent,us,131,4.694656488549619,93.61068702290076,0.6698902765489866,3.6717557251908395,0.13740458015267176
validation,Acoustic analyzer selector,accent,wales,14,5.428571428571429,37.42857142857143,0.5080629687772545,5.428571428571429,0.07142857142857142
test,Legacy fixed counter,gender,female,200,5.53,59.55,0.5998629579484842,4.7,0.105
test,Legacy fixed counter,gender,male,200,3.82,85.37,0.465356085339781,2.31,0.14
test,Legacy fixed counter,age,Unknown,4,2.5,13.5,0.5803571428571428,2.5,0.25
test,Legacy fixed counter,age,fifties,26,10.384615384615385,531.2307692307693,0.9059871752179445,8.076923076923077,0.0
test,Legacy fixed counter,age,fourties,38,4.2105263157894735,41.1578947368421,0.521627787417261,2.736842105263158,0.10526315789473684
test,Legacy fixed counter,age,seventies,14,6.714285714285714,76.85714285714286,0.6597222222222222,5.0,0.14285714285714285
test,Legacy fixed counter,age,sixties,14,3.5,23.642857142857142,0.3478327228327229,2.642857142857143,0.14285714285714285
test,Legacy fixed counter,age,thirties,107,3.9626168224299065,34.76635514018692,0.4866156818259622,2.710280373831776,0.14018691588785046
test,Legacy fixed counter,age,twenties,197,4.380710659898477,42.776649746192895,0.5135594437693138,3.4568527918781724,0.12690355329949238
test,Legacy fixed counter,accent,Unknown,117,4.3418803418803416,35.36752136752137,0.5224625682959017,3.3846153846153846,0.1282051282051282
test,Legacy fixed counter,accent,african,3,11.333333333333334,268.0,1.0925925925925926,11.333333333333334,0.0
test,Legacy fixed counter,accent,australia,5,8.4,96.8,1.019047619047619,8.4,0.2
test,Legacy fixed counter,accent,bermuda,3,4.666666666666667,25.333333333333332,0.4666666666666666,-4.666666666666667,0.0
test,Legacy fixed counter,accent,canada,16,12.375,848.125,1.0441802988677988,10.0,0.125
test,Legacy fixed counter,accent,england,26,2.9615384615384617,18.884615384615383,0.45385517260517266,1.5769230769230769,0.11538461538461539
test,Legacy fixed counter,accent,hongkong,1,2.0,4.0,0.6666666666666666,2.0,0.0
test,Legacy fixed counter,accent,indian,56,3.482142857142857,26.660714285714285,0.396130630282416,2.125,0.16071428571428573
test,Legacy fixed counter,accent,ireland,2,0.5,0.5,0.038461538461538464,-0.5,0.5
test,Legacy fixed counter,accent,malaysia,6,3.1666666666666665,14.5,0.351984126984127,1.1666666666666667,0.16666666666666666
test,Legacy fixed counter,accent,newzealand,1,5.0,25.0,0.7142857142857143,5.0,0.0
test,Legacy fixed counter,accent,other,2,8.5,102.5,1.0113636363636362,5.5,0.0
test,Legacy fixed counter,accent,philippines,3,5.333333333333333,42.0,0.42063492063492064,5.333333333333333,0.0
test,Legacy fixed counter,accent,scotland,5,2.0,6.8,0.1901190476190476,1.2,0.2
test,Legacy fixed counter,accent,us,154,4.753246753246753,48.35064935064935,0.5431638327017833,3.7532467532467533,0.1038961038961039
test,Train-selected fixed counter,gender,female,200,4.485,42.565,0.5231589003102161,2.065,0.09
test,Train-selected fixed counter,gender,male,200,4.305,106.735,0.5551667957646219,1.255,0.105
test,Train-selected fixed counter,age,Unknown,4,1.25,2.75,0.26785714285714285,0.75,0.25
test,Train-selected fixed counter,age,fifties,26,8.923076923076923,610.1538461538462,0.7923937173937173,4.153846153846154,0.038461538461538464
test,Train-selected fixed counter,age,fourties,38,4.315789473684211,33.526315789473685,0.6025709670446512,1.4210526315789473,0.07894736842105263
test,Train-selected fixed counter,age,seventies,14,6.142857142857143,67.14285714285714,0.5944702123273552,3.7142857142857144,0.07142857142857142
test,Train-selected fixed counter,age,sixties,14,3.142857142857143,13.857142857142858,0.3366451009308152,-2.0,0.21428571428571427
test,Train-selected fixed counter,age,thirties,107,3.9345794392523366,26.757009345794394,0.5178583488162928,0.8317757009345794,0.04672897196261682
test,Train-selected fixed counter,age,twenties,197,4.091370558375634,44.233502538071065,0.5210523834246087,1.9593908629441625,0.12690355329949238
test,Train-selected fixed counter,accent,Unknown,117,4.205128205128205,36.47863247863248,0.5725127792435486,1.7606837606837606,0.1282051282051282
test,Train-selected fixed counter,accent,african,3,13.666666666666666,533.6666666666666,1.1944444444444444,13.666666666666666,0.3333333333333333
test,Train-selected fixed counter,accent,australia,5,7.6,80.0,0.9003968253968253,7.6,0.0
test,Train-selected fixed counter,accent,bermuda,3,5.333333333333333,34.0,0.5166666666666667,-5.333333333333333,0.0
test,Train-selected fixed counter,accent,canada,16,12.625,1011.25,1.0818637959262958,7.75,0.0
test,Train-selected fixed counter,accent,england,26,3.3846153846153846,21.307692307692307,0.47166514041514035,0.23076923076923078,0.15384615384615385
test,Train-selected fixed counter,accent,hongkong,1,7.0,49.0,2.3333333333333335,7.0,0.0
test,Train-selected fixed counter,accent,indian,56,4.232142857142857,39.375,0.54799654710369,0.8035714285714286,0.07142857142857142
test,Train-selected fixed counter,accent,ireland,2,4.5,32.5,0.391025641025641,-4.5,0.0
test,Train-selected fixed counter,accent,malaysia,6,3.0,14.0,0.31746031746031744,0.3333333333333333,0.3333333333333333
test,Train-selected fixed counter,accent,newzealand,1,1.0,1.0,0.14285714285714285,1.0,0.0
test,Train-selected fixed counter,accent,other,2,14.0,317.0,1.5113636363636365,11.0,0.0
test,Train-selected fixed counter,accent,philippines,3,5.333333333333333,34.0,0.4087301587301588,4.0,0.0
test,Train-selected fixed counter,accent,scotland,5,1.4,3.0,0.12928571428571428,-0.2,0.2
test,Train-selected fixed counter,accent,us,154,3.6233766233766236,23.376623376623378,0.446276334911584,1.2077922077922079,0.07792207792207792
test,Acoustic analyzer selector,gender,female,200,5.58,77.31,0.6230395656974604,4.46,0.07
test,Acoustic analyzer selector,gender,male,200,4.24,132.96,0.5059586078173034,2.36,0.12
test,Acoustic analyzer selector,age,Unknown,4,3.25,15.75,0.6577380952380952,1.75,0.0
test,Acoustic analyzer selector,age,fifties,26,13.038461538461538,892.7307692307693,1.123533197571659,10.26923076923077,0.0
test,Acoustic analyzer selector,age,fourties,38,3.9210526315789473,39.921052631578945,0.5039224664224665,2.3421052631578947,0.13157894736842105
test,Acoustic analyzer selector,age,seventies,14,7.142857142857143,83.85714285714286,0.6960626674912389,5.285714285714286,0.0
test,Acoustic analyzer selector,age,sixties,14,3.0714285714285716,16.071428571428573,0.31839390767962195,1.5,0.0
test,Acoustic analyzer selector,age,thirties,107,4.299065420560748,64.85981308411215,0.5422065732813397,2.7476635514018692,0.14018691588785046
test,Acoustic analyzer selector,age,twenties,197,4.365482233502538,45.2994923857868,0.5207577160791276,3.1065989847715736,0.09137055837563451
test,Acoustic analyzer selector,accent,Unknown,117,4.2905982905982905,38.75213675213675,0.5321840078250335,3.230769230769231,0.06837606837606838
test,Acoustic analyzer selector,accent,african,3,14.333333333333334,441.6666666666667,1.3518518518518519,14.333333333333334,0.0
test,Acoustic analyzer selector,accent,australia,5,8.2,89.8,0.9884920634920634,7.4,0.0
test,Acoustic analyzer selector,accent,bermuda,3,5.333333333333333,38.0,0.4611111111111111,-5.333333333333333,0.0
test,Acoustic analyzer selector,accent,canada,16,12.4375,1096.1875,1.0339365495615496,10.4375,0.0625
test,Acoustic analyzer selector,accent,england,26,2.8846153846153846,17.576923076923077,0.4381528194028194,1.2692307692307692,0.15384615384615385
test,Acoustic analyzer selector,accent,hongkong,1,3.0,9.0,1.0,3.0,0.0
test,Acoustic analyzer selector,accent,indian,56,3.8035714285714284,31.125,0.43021413110698825,1.5892857142857142,0.14285714285714285
test,Acoustic analyzer selector,accent,ireland,2,4.0,25.0,0.35256410256410253,-4.0,0.0
test,Acoustic analyzer selector,accent,malaysia,6,2.1666666666666665,6.166666666666667,0.26031746031746034,0.5,0.16666666666666666
test,Acoustic analyzer selector,accent,newzealand,1,4.0,16.0,0.5714285714285714,4.0,0.0
test,Acoustic analyzer selector,accent,other,2,11.0,221.0,1.0795454545454546,10.0,0.0
test,Acoustic analyzer selector,accent,philippines,3,6.333333333333333,57.0,0.496031746031746,6.333333333333333,0.0
test,Acoustic analyzer selector,accent,scotland,5,2.6,7.8,0.30702380952380953,0.6,0.0
test,Acoustic analyzer selector,accent,us,154,5.14935064935065,98.24025974025975,0.5980846779763538,3.824675324675325,0.1038961038961039
